105981,STUDENT,Albert
114335,STUDENT,Krzysio
118263,STUDENT,user
117794,STUDENT,Ignacy
101691,STUDENT,login
104083,STUDENT,testUser
120398,STUDENT,brak
130759,STUDENT,brak
105869,STUDENT,brak
117526,STUDENT,brak
126365,STUDENT,brak
125589,STUDENT,brak
119860,STUDENT,brak
101171,STUDENT,brak
100946,STUDENT,brak
123283,STUDENT,brak
121637,STUDENT,brak
112858,STUDENT,brak
108335,STUDENT,brak
119241,STUDENT,brak
101727,STUDENT,brak
103392,STUDENT,brak
119362,STUDENT,brak
125020,STUDENT,brak
105851,STUDENT,brak
104007,STUDENT,brak
108568,STUDENT,brak
126970,STUDENT,brak
100997,STUDENT,brak
124352,STUDENT,brak
102190,STUDENT,brak
126584,STUDENT,brak
120586,STUDENT,brak
130670,STUDENT,brak
116648,STUDENT,brak
116154,STUDENT,brak
112242,STUDENT,brak
129773,STUDENT,brak
107333,STUDENT,brak
121812,STUDENT,brak
107664,STUDENT,brak
105875,STUDENT,brak
129427,STUDENT,brak
101998,STUDENT,brak
105336,STUDENT,brak
130805,STUDENT,brak
109663,STUDENT,brak
128365,STUDENT,brak
121745,STUDENT,brak
132525,STUDENT,brak
106023,WYKLADOWCA,newUser123
122993,WYKLADOWCA,Jan
121121,WYKLADOWCA,Robert
102937,WYKLADOWCA,Marcin
104709,WYKLADOWCA,Maciej
122363,WYKLADOWCA,Krzysztof
128092,WYKLADOWCA,brak
125473,WYKLADOWCA,brak
123912,WYKLADOWCA,brak
103137,WYKLADOWCA,brak
124442,WYKLADOWCA,brak
126162,WYKLADOWCA,brak
112753,WYKLADOWCA,brak
119665,WYKLADOWCA,brak
127300,WYKLADOWCA,brak
119303,WYKLADOWCA,brak
109823,WYKLADOWCA,brak
123010,WYKLADOWCA,brak
132134,WYKLADOWCA,brak
130149,WYKLADOWCA,brak
119056,WYKLADOWCA,brak
108036,WYKLADOWCA,brak
117947,WYKLADOWCA,brak
117906,WYKLADOWCA,brak
131850,WYKLADOWCA,brak
116699,WYKLADOWCA,brak
123435,WYKLADOWCA,brak
111778,WYKLADOWCA,brak
132601,WYKLADOWCA,brak
127214,WYKLADOWCA,brak
108434,WYKLADOWCA,brak
106450,WYKLADOWCA,brak
105082,WYKLADOWCA,brak
104570,WYKLADOWCA,brak
117763,WYKLADOWCA,brak
131705,WYKLADOWCA,brak
106199,WYKLADOWCA,brak
111021,WYKLADOWCA,brak
101325,WYKLADOWCA,brak
108091,WYKLADOWCA,brak
129651,WYKLADOWCA,brak
129392,WYKLADOWCA,brak
104188,WYKLADOWCA,brak
132736,WYKLADOWCA,brak
120937,WYKLADOWCA,brak
120452,WYKLADOWCA,brak
114979,WYKLADOWCA,brak
119076,WYKLADOWCA,brak
128368,WYKLADOWCA,brak
131024,WYKLADOWCA,brak